{"camera":[{"disabled":false,"intrinsicTrafo":[[1.0,0.0,0.0,0.0],[0.0,1.0,0.0,0.0],[0.0,0.0,1.0,0.0],[0.0,0.0,0.0,1.0]],"serial":"000123102712","trafo":[[0.001478925769604292,0.9955051854972441,0.09469550372992915,-0.03775883285380641],[0.9739235812275067,0.020049866880012934,-0.22598862972964295,1.3905108863803828],[-0.2268714850031972,0.09256040452694009,-0.969516323125224,1.6169659084485506],[0.0,0.0,0.0,1.0]],"type":"kinect"},{"disabled":false,"intrinsicTrafo":[[1.0,0.0,0.0,0.0],[0.0,1.0,0.0,0.0],[0.0,0.0,1.0,0.0],[0.0,0.0,0.0,1.0]],"serial":"000174202712","trafo":[[-0.1665697068897555,0.17837831780564384,-0.9697606449446614,1.6162272538625029],[0.9856293817609482,0.0020995511746754237,-0.16890918771457644,1.3416284237877765],[-0.028093674665196577,-0.9839597388215089,-0.1761646327221001,0.2203866823009882],[0.0,0.0,0.0,1.0]],"type":"kinect"},{"disabled":false,"intrinsicTrafo":[[1.0,0.0,0.0,0.0],[0.0,1.0,0.0,0.0],[0.0,0.0,1.0,0.0],[0.0,0.0,0.0,1.0]],"serial":"000330102712","trafo":[[0.21375597796976997,-0.4886893752839862,0.8458670559649041,-1.4006094390627915],[0.9725659806102428,0.025106964235702276,-0.2312683586366846,1.3847087352996912],[0.09178123578284457,0.8720965169242532,0.48064942518093123,-1.0608796291886597],[0.0,0.0,0.0,1.0]],"type":"kinect"},{"disabled":false,"intrinsicTrafo":[[1.0,0.0,0.0,0.0],[0.0,1.0,0.0,0.0],[0.0,0.0,1.0,0.0],[0.0,0.0,0.0,1.0]],"serial":"000241702712","trafo":[[0.006011480622019806,-0.9729313151281055,-0.23101627246545414,0.2945804282481832],[0.9899803116518231,0.03838272686951425,-0.1358887369130141,1.3486906887228345],[0.1410774420043307,-0.22788466890328943,0.963413583585136,-1.834908971574566],[0.0,0.0,0.0,1.0]],"type":"kinect"}],"postprocessing":{"depthfilterparameters":{"depth_x_erosion":2,"depth_y_erosion":2,"do_threshold":true,"threshold_far":2.5,"threshold_near":0.2},"greenscreenremoval":false,"height_max":2.2,"height_min":0.03,"radius_filter":1.0},"skeleton":{"model_path":"","processing_mode":-1,"sensor_orientation":-1},"system":{"color_brightness":128,"color_contrast":5,"color_exposure_time":166700,"color_gain":15,"color_height":720,"color_powerline_frequency":1,"color_saturation":32,"color_whitebalance":3500,"depth_height":576,"fps":15,"map_color_to_depth":false,"single_tile":-1,"sync_master_serial":"000123102712"},"type":"kinect","version":3}