{
  "noise": 0.005,
  "tiles": [
    {
      "corr": 0,
      "move": {
        "x": 0,
        "y": 0,
        "z": 0
      },
      "rotate": {
        "x": 0,
        "y": 0,
        "z": 0
      }
    },
    {
      "corr": 0.01,
      "move": {
        "x": -0.0059481631355098085,
        "y": 0,
        "z": -0.008038616504931812
      },
      "rotate": {
        "x": 0,
        "y": 0,
        "z": 0
      }
    },
    {
      "corr": 0.02,
      "move": {
        "x": -0.018840385799107878,
        "y": 0,
        "z": 0.006711174482963033
      },
      "rotate": {
        "x": 0,
        "y": 0,
        "z": 0
      }
    },
    {
      "corr": 0.005,
      "move": {
        "x": 0.002026113302592655,
        "y": 0,
        "z": 0.004571090119988567
      },
      "rotate": {
        "x": 0,
        "y": 0,
        "z": 0
      }
    }
  ]
}